{"cameraMode":{"drawMode":0,"name":"Shaded","section":"Shading Mode"},"sceneLighting":true,"audioPlay":false,"sceneViewState":{"m_AlwaysRefresh":false,"showFog":true,"showSkybox":true,"showFlares":true,"showImageEffects":true,"showParticleSystems":true,"showVisualEffectGraphs":true,"m_FxEnabled":true},"in2DMode":false,"pivot":{"x":40.594886779785159,"y":9.487161636352539,"z":30.094099044799806},"rotation":{"x":0.1698964387178421,"y":0.5163304209709168,"z":-0.10545701533555985,"w":0.8327898979187012},"size":0.9985199570655823,"orthographic":false}